# CCRL Blitz Rating List - All engines (best versions only), computed on September 26, 2026
# Snapshot bundled with TorsGUI (top 115); fetch or import the page for the full, current list.
rank,name,rating,plus,minus,score,games
1,Stockfish 19 64-bit,3793,11,11,59.0,2722
2,Torch v4 64-bit 8CPU,3778,14,14,59.2,1210
3,PlentyChess 8.0.0 64-bit,3774,13,13,54.3,1863
4,Obsidian 16.0 64-bit 8CPU,3771,12,12,58.4,1679
5,Reckless 0.9.0 64-bit,3766,11,11,54.7,2885
6,Cinder 0.6.1 64-bit,3763,13,13,52.0,1741
7,Berserk 20250606 64-bit 8CPU,3760,14,14,56.1,1208
8,Triumviratus 7.0 64-bit,3757,19,19,51.8,750
9,Dragon by Komodo 3.2 64-bit 8CPU,3756,8,8,60.0,6081
10,Alexandria 8.0.0 64-bit 8CPU,3755,10,10,57.7,3078
11,pawnocchio 2.0 64-bit,3754,12,12,50.8,2171
12,Integral 8 64-bit,3752,12,12,49.7,1901
13,Viridithas 20.0.0 64-bit,3748,12,12,50.2,2047
14,Caissa 1.22 64-bit 8CPU,3746,12,12,55.2,1976
14,Stormphrax 8.0.0 64-bit,3746,12,12,50.5,2260
16,Hobbes 3.0 64-bit,3744,12,12,49.2,1838
17,Horsie 1.1.0 64-bit 8CPU,3736,12,12,52.5,1678
18,Coda 0.9.2 64-bit,3735,13,13,51.7,1422
19,Lizard 11.2 64-bit 8CPU,3733,9,9,54.2,4643
20,Raphael 4.2.0 64-bit,3732,13,13,49.2,1707
21,Astra 7.0 64-bit,3731,11,11,49.7,2882
22,RubiChess 20240817 64-bit 8CPU,3729,9,9,53.5,4156
23,Starzix 6.0 64-bit 8CPU,3728,9,9,53.5,3795
24,Clover 9.1 64-bit,3727,9,9,50.6,6423
25,Ethereal 14.25 64-bit 8CPU,3723,8,8,52.4,6403
26,Fritz 20 64-bit 8CPU,3722,12,12,51.2,1951
27,Halogen 16.0.0 64-bit,3721,8,8,53.0,7390
28,Tarnished 6.0 (Hero) 64-bit,3719,10,10,50.1,3032
29,Quanticade Cronus 3.0 64-bit,3717,10,10,47.7,3419
30,PZChessBot 7.1 64-bit,3712,12,12,49.6,1893
31,Devre 7.0 64-bit,3705,13,13,49.8,1494
32,Titan 1.1.0 64-bit 8CPU,3703,9,9,49.2,4328
32,Velvet 8.1.0 64-bit 8CPU,3703,10,10,48.7,2799
34,Minke 7.0.0 64-bit,3701,16,16,48.4,849
35,Ginkgo Santiago 1.0 64-bit 8CPU,3700,9,9,48.6,3808
36,Igel 3.6.0 64-bit 8CPU,3699,10,10,48.4,3671
36,Revenge 4.0 64-bit 8CPU,3699,10,10,48.8,3380
38,Uralochka 3.41a 64-bit 8CPU,3698,9,9,48.7,4942
39,Seer 2.8.0 64-bit 8CPU,3697,9,9,48.9,5053
40,Lc0 0.29.0 64-bit w753723 RTX2080,3696,10,10,48.1,3258
41,Motor 0.9.0 64-bit,3695,9,9,49.5,4135
42,Stoofvlees II b5 64-bit RTX2080,3694,12,12,48.4,2063
43,Renegade 1.3.0 64-bit,3693,12,12,49.9,1923
44,Chess System Tal 2.00 EAS 64-bit 8CPU,3692,8,8,48.4,6865
45,rofChade 3.1 64-bit 8CPU,3687,9,9,47.4,5639
46,Arasan 25.1 64-bit 8CPU,3686,12,12,45.3,1834
46,Clarity 7.2.0 64-bit 8CPU,3686,10,10,46.5,3501
48,Rebel 16.3 64-bit 8CPU,3685,9,9,47.0,4945
49,Tcheran 13.0 64-bit,3683,13,13,52.3,1415
50,Koivisto 9.0 64-bit 8CPU,3682,8,8,47.3,6349
51,Heimdall 1.5.0 64-bit,3673,14,14,47.1,1265
52,Icarus 1.0 64-bit,3672,12,12,50.3,2031
53,Zangdar 7 64-bit,3671,12,12,51.0,1773
54,Peacekeeper 3.01 64-bit 8CPU,3670,10,10,43.9,3459
55,Gaia 4.2.1 64-bit,3668,14,14,51.4,1256
56,Minic 3.40 64-bit 8CPU,3660,10,10,42.9,4001
57,Deep Sjeng 3.6 a86 64-bit,3653,13,13,52.0,1415
58,Booot 7.4 64-bit,3652,10,10,53.7,3296
58,Cataphract 1.5.1 64-bit,3652,13,13,54.3,1481
60,ZigQueen 6.2.0 64-bit,3649,18,18,49.2,749
61,Prune 4.0.1 64-bit,3645,13,13,49.2,1374
61,SlowChess Blitz 2.83 64-bit 8CPU,3645,10,10,43.9,3638
63,Leelenstein 11.1 64-bit RTX2080,3644,9,9,49.5,6418
64,Altair 7.0.0 64-bit 8CPU,3633,10,10,38.7,3945
65,Bread 4.0.0 64-bit,3626,15,15,52.4,1049
66,Black Marlin 9.0 64-bit 8CPU,3622,10,10,37.9,3390
67,Deep Shredder 14 64-bit,3618,13,13,49.3,1460
68,Equisetum 1.0 64-bit 8CPU,3615,14,14,35.6,1393
69,akimbo 1.0.0 64-bit 8CPU,3614,10,10,36.4,3229
70,Calvin 6.1.0 64-bit,3608,11,11,50.4,2198
71,Avalanche 4.0.0 64-bit,3597,16,16,51.0,958
72,Thrawn 3.2 64-bit,3592,15,15,46.1,990
73,Eleanor 4.1 64-bit,3588,13,13,54.8,1591
74,Texel 1.11 64-bit 8CPU,3584,11,11,30.1,2454
75,Sykora 4.1 64-bit,3581,22,22,58.6,480
76,Turbulence 0.0.8 64-bit,3577,12,12,49.0,2038
77,Smallbrain 7.0 64-bit 8CPU,3575,22,22,45.3,580
78,Wasp 7.00 64-bit 8CPU,3573,11,11,30.4,2606
78,Ynode 0234 64-bit,3573,13,13,49.7,1479
80,Allie 0.5 64-bit nn49921 RTX2080,3568,10,10,43.1,5216
81,Elixir 3.0 64-bit,3567,10,10,52.0,2659
82,pawn 4.0 64-bit,3553,13,13,50.8,1665
83,Serendipity 1.0 64-bit,3551,12,12,50.0,2064
84,Quirky 3.0 64-bit,3549,15,15,51.2,1090
85,Nemorino 6.00 64-bit 8CPU,3545,11,11,45.1,3925
85,Winter 5.0 64-bit,3545,14,14,50.9,1331
87,Fire 8 64-bit 8CPU,3544,12,12,44.9,2984
88,Patricia 5.0 64-bit,3540,12,12,50.3,1912
89,Yukari 2025.11.1 64-bit,3539,13,13,49.3,1483
90,Oxide 3.0.0 64-bit,3532,16,16,46.5,983
90,Willow 4.0 64-bit,3532,9,9,50.2,3880
92,Rice 8.0.0 64-bit,3531,9,9,50.6,3536
93,Sirius 9.0 64-bit,3529,12,12,49.4,2021
94,Superultra 2.1 64-bit,3528,11,11,48.4,2203
95,Panda 2.0 64-bit,3527,17,17,50.5,832
96,Carp 3.0.1 64-bit,3525,9,9,51.2,4855
97,Rodent V 1.1 64-bit,3523,16,16,52.9,883
98,Lunar 0.4.0 64-bit,3516,12,12,50.0,1918
99,Houdini 6 64-bit 4CPU,3514,11,11,45.8,4261
99,Ursus 1.0 64-bit,3514,16,16,51.1,958
101,Lambergar 1.5 64-bit,3509,14,14,49.6,1432
102,Schoenemann 0.5.0 64-bit,3506,12,12,52.0,1786
103,Kociolek 2.1 64-bit,3498,25,25,66.5,446
104,Tucano 12.00 64-bit,3491,10,10,51.7,2686
105,Leorik 3.2 64-bit,3490,12,12,49.9,1947
106,Bagatur 5.5c 64-bit,3489,15,15,50.8,1163
107,Celeris 2.0 64-bit,3481,12,12,50.6,1800
108,Midnight 9 64-bit,3477,9,9,50.2,3649
109,Jackal 2.0.0 64-bit,3473,16,16,46.7,1198
110,Prelude 2.1 64-bit,3464,14,14,52.7,1376
111,Xiphos 0.6 64-bit 8CPU,3462,12,12,42.4,3270
112,Cheng 4.49 64-bit,3461,16,16,49.5,1077
113,Arcanum 2.8 64-bit,3460,15,15,49.3,1214
114,Marvin 6.3.0 64-bit,3458,10,10,49.7,2996
115,Clockwork 20260705 64-bit,3454,15,15,52.5,1201
