# CCRL 40/2 FRC Rating List - All engines (best versions only), computed on September 26, 2026
# Snapshot bundled with TorsGUI (top 111); fetch or import the page for the full, current list.
rank,name,rating,plus,minus,score,games
1,Stockfish 19,4117,9,9,60.9,5132
2,Reckless 0.9.0,4103,8,8,60.4,7018
3,Lc0 0.32.1 RTX 5050 BT4-it332,4084,21,21,50.6,495
4,Torch v4,4083,8,8,58.5,8900
4,pawnocchio 2.0.1,4083,10,10,53.8,2889
6,PlentyChess 8.0.0,4077,11,11,51.8,2410
7,Stormphrax 8.0.0,4073,9,9,53.8,4063
8,Viridithas 20.0.0,4071,11,11,50.6,2727
9,Caissa 2.0,4056,11,11,46.1,2632
9,Hobbes 3.0,4056,10,10,49.4,2977
11,Raphael 4.2.0,4045,10,10,47.5,3275
12,Berserk 14,4042,9,9,48.9,4901
13,Clover 9.1,4033,8,8,48.7,6051
14,Tarnished v6.0 (Eternal),4028,8,8,47.4,6086
15,Quanticade Phoenix 4.0 Dev 64cfa56,4020,11,11,43.0,2770
16,PZChessBot 7.1,4005,11,11,53.7,2624
17,Dragon 3.3 by Komodo,4000,6,6,51.3,13629
18,Icarus 1.1,3984,12,12,62.2,2040
19,Renegade 1.3.0,3979,9,9,44.5,3592
20,Ethereal 14.25,3974,6,6,48.9,12279
21,Horsie 1.1,3964,8,8,45.3,6692
22,Devre 7.0,3949,9,9,60.8,3709
23,Tcheran v13.0,3941,11,11,45.9,2442
24,Fritz 21,3936,10,10,49.1,2714
24,Lizard 11.2,3936,9,9,45.1,4779
26,Stoofvlees II d11 RTX 5050,3929,18,18,56.4,724
27,Igel 3.7.0,3925,13,13,52.7,1400
27,Integral v8,3925,12,12,45.9,1950
29,RubiChess 20240817,3920,8,8,46.5,6580
30,Heimdall 1.5.0,3915,11,11,48.1,2527
31,Allie v0.8-dev RTX 5050 hanse-69722-vf2,3908,20,20,45.0,564
32,Halogen 16,3898,10,10,45.1,3466
32,Velvet 8.1.0,3898,8,8,47.8,5656
34,Pseudo 1.2,3892,14,14,49.5,1400
35,Revenge 4.0,3882,9,9,51.8,4362
36,Prune v4.0.1,3874,12,12,52.0,1778
37,Deep Sjeng 3.6 a86,3873,11,11,51.3,2270
38,JustBot 0.4.0,3864,10,10,64.7,3337
39,Peacekeeper 3.01,3828,8,8,39.2,5593
40,RofChade 3.1,3815,7,7,40.3,9335
41,Rose 1.0.0,3789,12,12,62.5,2268
42,Altair 7.0.0,3783,8,8,44.4,5866
43,Winter 5.0,3775,11,11,45.8,2255
44,Akimbo 1.0.0,3773,8,8,45.6,5257
45,Rodent V 1.2,3754,15,15,63.5,1268
46,Black Marlin 9.0,3750,8,8,41.2,5219
47,Sirius 9.0,3735,9,9,42.2,3970
48,SlowChess Blitz 2.9,3726,5,5,44.0,15125
49,Calvin 6.1.1,3720,12,12,50.3,2156
50,Wasp 7.00,3710,9,9,46.8,4237
51,Shredder 14,3706,13,13,43.3,1623
52,Minic 3.41,3705,9,9,45.7,4573
53,Ursus 1.1,3700,14,14,48.0,1351
54,Patricia 5.1,3686,19,19,47.7,698
55,pawn 4.0,3684,11,11,55.7,2777
56,Leorik 3.2.1,3671,12,12,40.5,2105
57,Equisetum 1.0,3667,9,9,45.1,4504
58,Marvin 6.3.0,3641,9,9,45.8,4075
59,Cheng 4.49,3628,21,21,47.4,599
60,Dragon of MORS 0.2.0,3623,20,20,35.5,678
61,Smallbrain 7.0,3593,7,7,49.0,6923
62,Jackal 2.0.0,3583,13,13,58.4,2001
63,Sable 3.0.0,3558,12,12,51.7,2100
64,Stash 37.0,3557,10,10,49.8,3110
65,Frozenight 6.0.0,3543,8,8,46.4,5363
66,Scorpio 3.0.15.14,3513,19,19,50.9,800
67,Princhess 0.22.0,3507,19,19,49.3,750
68,Hiarcs 15.3.1,3491,11,11,48.3,2539
69,Vajolet2 3.2,3480,13,13,56.8,2050
70,Nalwald 19,3451,9,9,54.6,3978
71,Lynx 1.11.0,3446,11,11,50.1,2949
72,chessnix 1.4,3440,12,12,33.1,2547
73,Senpai 3.0.2,3429,12,12,47.0,2349
74,Defenchess 2.3,3428,6,6,43.9,9020
75,Weiss 2.0,3407,6,6,40.3,11978
76,Houdini 4,3400,9,9,59.0,5700
77,Schooner 2.2,3393,6,6,39.4,12685
78,Monolith 3,3384,11,11,52.7,2422
79,Nemorino 6.00,3371,6,6,41.6,10644
80,Bagatur.cpp 1.0,3366,10,10,48.1,3800
81,Drofa 4.1.0,3351,11,11,45.2,2808
82,Chiron 5,3345,6,6,41.2,9895
83,Demolito 2021-10-04,3320,7,7,42.2,7169
84,Critter 1.6a,3305,4,4,44.4,24086
85,Bagatur 5.1c,3299,18,18,44.8,1000
86,Ember 1.3.0,3200,21,21,28.3,750
87,DanaSah 9.0,3199,12,12,49.3,2474
88,Fire 3.0,3184,8,8,35.0,6314
89,Rybka 4.1,3170,5,5,40.9,16524
90,monty v1.0.0,3134,14,14,41.0,1768
91,Naum 4.6,3088,6,6,46.0,11944
92,Cheers 1.0.0,3054,13,13,52.2,2388
93,Rodent IV v0.26,3050,9,9,46.7,4672
94,Cheese 3.3,2987,12,12,49.5,2998
95,Polaris 1.8.1,2971,11,11,51.7,3244
96,Spike 1.4 Leiden,2941,6,6,38.5,11130
97,The Baron 3.45.1,2931,12,12,52.0,2555
98,Bobcat 8.0,2923,8,8,46.0,6879
99,EXchess 7.92b,2897,10,10,43.0,3906
100,Daydreamer 2.0.0-pre2,2858,11,11,55.0,3224
101,Cyclone xTreme Fear,2827,8,8,47.4,7430
102,Tornado 8.0,2806,15,15,53.1,1520
103,Arminius 2018-12-23,2788,10,10,49.4,3764
104,Colossus 2026a,2784,17,17,51.8,1200
105,GNU Chess 5.60,2770,10,10,45.7,4224
106,Jacky Chess 24.04,2766,15,15,37.0,1650
107,Octochess 5190,2754,10,10,51.0,4380
108,Loop for Chess960,2750,8,8,53.2,8620
109,Dumb 2.3,2745,17,17,51.3,1350
110,Bright 0.5c,2720,12,12,45.1,3097
111,Frenzee 3.5.19,2703,10,10,54.4,4678
